business_name,business_number,business_page_uri
Won't Stop Customs,(786) 439-7554,https://maps.google.com/?cid=10995438209594789307&g_mp=Cidnb29nbGUubWFwcy5wbGFjZXMudjEuUGxhY2VzLlNlYXJjaFRleHQQAhgEIAA
Preferred Customs,(877) 584-3932,https://maps.google.com/?cid=1296300244005027169&g_mp=Cidnb29nbGUubWFwcy5wbGFjZXMudjEuUGxhY2VzLlNlYXJjaFRleHQQAhgEIAA
Jp Off Road & Custom,(786) 378-0039,https://maps.google.com/?cid=17144872107909814976&g_mp=Cidnb29nbGUubWFwcy5wbGFjZXMudjEuUGxhY2VzLlNlYXJjaFRleHQQAhgEIAA
Auto Exotic,(954) 257-1118,https://maps.google.com/?cid=7637837121794077666&g_mp=Cidnb29nbGUubWFwcy5wbGFjZXMudjEuUGxhY2VzLlNlYXJjaFRleHQQAhgEIAA
Deuces Wild Hotrods,(954) 326-2382,https://maps.google.com/?cid=10661720384618303832&g_mp=Cidnb29nbGUubWFwcy5wbGFjZXMudjEuUGxhY2VzLlNlYXJjaFRleHQQAhgEIAA
Fast Auto Body LLC,(954) 997-9095,https://maps.google.com/?cid=10540103630714415111&g_mp=Cidnb29nbGUubWFwcy5wbGFjZXMudjEuUGxhY2VzLlNlYXJjaFRleHQQAhgEIAA
Frame Shop Automotive,(954) 963-6739,https://maps.google.com/?cid=16532094779878191982&g_mp=Cidnb29nbGUubWFwcy5wbGFjZXMudjEuUGxhY2VzLlNlYXJjaFRleHQQAhgEIAA
Xtreme Auto Lab,(786) 250-2212,https://maps.google.com/?cid=2165739955715648021&g_mp=Cidnb29nbGUubWFwcy5wbGFjZXMudjEuUGxhY2VzLlNlYXJjaFRleHQQAhgEIAA
KLS Auto Body,(954) 889-0142,https://maps.google.com/?cid=18103356057909950474&g_mp=Cidnb29nbGUubWFwcy5wbGFjZXMudjEuUGxhY2VzLlNlYXJjaFRleHQQAhgEIAA
Muffler Pros,(954) 544-3553,https://maps.google.com/?cid=9648781100474758529&g_mp=Cidnb29nbGUubWFwcy5wbGFjZXMudjEuUGxhY2VzLlNlYXJjaFRleHQQAhgEIAA
Alsa Motors,(954) 456-2941,https://maps.google.com/?cid=2807496517031528031&g_mp=Cidnb29nbGUubWFwcy5wbGFjZXMudjEuUGxhY2VzLlNlYXJjaFRleHQQAhgEIAA
Dixie Auto Repair,(954) 457-8696,https://maps.google.com/?cid=7859304987600728477&g_mp=Cidnb29nbGUubWFwcy5wbGFjZXMudjEuUGxhY2VzLlNlYXJjaFRleHQQAhgEIAA
Galaxy Tinting,(954) 505-7477,https://maps.google.com/?cid=7447493609046318723&g_mp=Cidnb29nbGUubWFwcy5wbGFjZXMudjEuUGxhY2VzLlNlYXJjaFRleHQQAhgEIAA
Coast2CoastWindowTinting,(754) 230-2567,https://maps.google.com/?cid=3011794337608790000&g_mp=Cidnb29nbGUubWFwcy5wbGFjZXMudjEuUGxhY2VzLlNlYXJjaFRleHQQAhgEIAA
A J Window Tinting,(954) 496-2802,https://maps.google.com/?cid=18117652701011290087&g_mp=Cidnb29nbGUubWFwcy5wbGFjZXMudjEuUGxhY2VzLlNlYXJjaFRleHQQAhgEIAA
Accu-tint Window Tinting,(954) 432-8012,https://maps.google.com/?cid=15330814624829693091&g_mp=Cidnb29nbGUubWFwcy5wbGFjZXMudjEuUGxhY2VzLlNlYXJjaFRleHQQAhgEIAA
Tint King,(954) 467-1144,https://maps.google.com/?cid=14319822931951198765&g_mp=Cidnb29nbGUubWFwcy5wbGFjZXMudjEuUGxhY2VzLlNlYXJjaFRleHQQAhgEIAA
Florida Tints,(786) 227-4316,https://maps.google.com/?cid=2908883292378821922&g_mp=Cidnb29nbGUubWFwcy5wbGFjZXMudjEuUGxhY2VzLlNlYXJjaFRleHQQAhgEIAA
John's Window Tinting of Fl,(954) 963-6239,https://maps.google.com/?cid=11046679237771411936&g_mp=Cidnb29nbGUubWFwcy5wbGFjZXMudjEuUGxhY2VzLlNlYXJjaFRleHQQAhgEIAA
Dent And Tint,(954) 695-3395,https://maps.google.com/?cid=14905706751515807967&g_mp=Cidnb29nbGUubWFwcy5wbGFjZXMudjEuUGxhY2VzLlNlYXJjaFRleHQQAhgEIAA
Miami Lifestyle Car Wraps,(754) 837-5133,https://maps.google.com/?cid=5377031253037161373&g_mp=Cidnb29nbGUubWFwcy5wbGFjZXMudjEuUGxhY2VzLlNlYXJjaFRleHQQAhgEIAA
Versatile Custom Vinyl Wrap and paint protection film,(786) 246-8378,https://maps.google.com/?cid=15889659181834807003&g_mp=Cidnb29nbGUubWFwcy5wbGFjZXMudjEuUGxhY2VzLlNlYXJjaFRleHQQAhgEIAA
JJ WRAPS - Custom Wraps Specialist,(786) 661-0339,https://maps.google.com/?cid=10694298232618883118&g_mp=Cidnb29nbGUubWFwcy5wbGFjZXMudjEuUGxhY2VzLlNlYXJjaFRleHQQAhgEIAA
CV Customs,(786) 613-5277,https://maps.google.com/?cid=7240638797607784473&g_mp=Cidnb29nbGUubWFwcy5wbGFjZXMudjEuUGxhY2VzLlNlYXJjaFRleHQQAhgEIAA
Wrap Culture,(305) 930-5495,https://maps.google.com/?cid=2337494935380064825&g_mp=Cidnb29nbGUubWFwcy5wbGFjZXMudjEuUGxhY2VzLlNlYXJjaFRleHQQAhgEIAA
Cermaic Pro Aventura,(786) 607-8888,https://maps.google.com/?cid=4645324735807959996&g_mp=Cidnb29nbGUubWFwcy5wbGFjZXMudjEuUGxhY2VzLlNlYXJjaFRleHQQAhgEIAA
"Apex Auto Protection Film, LLC",(954) 531-4070,https://maps.google.com/?cid=7634540673598821456&g_mp=Cidnb29nbGUubWFwcy5wbGFjZXMudjEuUGxhY2VzLlNlYXJjaFRleHQQAhgEIAA
