business_name,business_number,business_page_uri
Frank's Custom Auto Repair,(954) 727-1690,https://maps.google.com/?cid=874405502307198373&g_mp=Cidnb29nbGUubWFwcy5wbGFjZXMudjEuUGxhY2VzLlNlYXJjaFRleHQQAhgEIAA
Island Boy Tuning,(954) 708-3988,https://maps.google.com/?cid=4218297288350941318&g_mp=Cidnb29nbGUubWFwcy5wbGFjZXMudjEuUGxhY2VzLlNlYXJjaFRleHQQAhgEIAA
Won't Stop Customs,(786) 439-7554,https://maps.google.com/?cid=10995438209594789307&g_mp=Cidnb29nbGUubWFwcy5wbGFjZXMudjEuUGxhY2VzLlNlYXJjaFRleHQQAhgEIAA
BLUE SUIT AUTO BODY,(305) 300-4509,https://maps.google.com/?cid=13020061256621265771&g_mp=Cidnb29nbGUubWFwcy5wbGFjZXMudjEuUGxhY2VzLlNlYXJjaFRleHQQAhgEIAA
Preferred Customs,(877) 584-3932,https://maps.google.com/?cid=1296300244005027169&g_mp=Cidnb29nbGUubWFwcy5wbGFjZXMudjEuUGxhY2VzLlNlYXJjaFRleHQQAhgEIAA
Automotive Perspective,(305) 333-2309,https://maps.google.com/?cid=8516511502586143611&g_mp=Cidnb29nbGUubWFwcy5wbGFjZXMudjEuUGxhY2VzLlNlYXJjaFRleHQQAhgEIAA
JC Body Shop,(954) 839-5672,https://maps.google.com/?cid=13698838995846629775&g_mp=Cidnb29nbGUubWFwcy5wbGFjZXMudjEuUGxhY2VzLlNlYXJjaFRleHQQAhgEIAA
Magic Mike Da Goat,(954) 536-7879,https://maps.google.com/?cid=6561518983784275359&g_mp=Cidnb29nbGUubWFwcy5wbGFjZXMudjEuUGxhY2VzLlNlYXJjaFRleHQQAhgEIAA
Accu-tint Window Tinting,(954) 432-8012,https://maps.google.com/?cid=15330814624829693091&g_mp=Cidnb29nbGUubWFwcy5wbGFjZXMudjEuUGxhY2VzLlNlYXJjaFRleHQQAhgEIAA
Waterloo Window Tinting,(561) 809-1651,https://maps.google.com/?cid=2199967818542619729&g_mp=Cidnb29nbGUubWFwcy5wbGFjZXMudjEuUGxhY2VzLlNlYXJjaFRleHQQAhgEIAA
Coast2CoastWindowTinting,(754) 230-2567,https://maps.google.com/?cid=3011794337608790000&g_mp=Cidnb29nbGUubWFwcy5wbGFjZXMudjEuUGxhY2VzLlNlYXJjaFRleHQQAhgEIAA
Galaxy Tinting,(954) 505-7477,https://maps.google.com/?cid=7447493609046318723&g_mp=Cidnb29nbGUubWFwcy5wbGFjZXMudjEuUGxhY2VzLlNlYXJjaFRleHQQAhgEIAA
Tint King,(954) 467-1144,https://maps.google.com/?cid=14319822931951198765&g_mp=Cidnb29nbGUubWFwcy5wbGFjZXMudjEuUGxhY2VzLlNlYXJjaFRleHQQAhgEIAA
JJ WRAPS - Custom Wraps Specialist,(786) 661-0339,https://maps.google.com/?cid=10694298232618883118&g_mp=Cidnb29nbGUubWFwcy5wbGFjZXMudjEuUGxhY2VzLlNlYXJjaFRleHQQAhgEIAA
GQ Stance & Wrap,(954) 646-4580,https://maps.google.com/?cid=11289461005221070461&g_mp=Cidnb29nbGUubWFwcy5wbGFjZXMudjEuUGxhY2VzLlNlYXJjaFRleHQQAhgEIAA
Versatile Custom Vinyl Wrap and paint protection film,(786) 246-8378,https://maps.google.com/?cid=15889659181834807003&g_mp=Cidnb29nbGUubWFwcy5wbGFjZXMudjEuUGxhY2VzLlNlYXJjaFRleHQQAhgEIAA
"Apex Auto Protection Film, LLC",(954) 531-4070,https://maps.google.com/?cid=7634540673598821456&g_mp=Cidnb29nbGUubWFwcy5wbGFjZXMudjEuUGxhY2VzLlNlYXJjaFRleHQQAhgEIAA
